INSERT INTO categorie( id, type_categorie ) VALUES ( 1, 'Recyclable');
INSERT INTO categorie( id, type_categorie ) VALUES ( 2, 'Non Recyclable');
INSERT INTO categorie( id, type_categorie ) VALUES ( 3, 'Bioplastique');
INSERT INTO role( id, designation ) VALUES ( 1, 'administrateur');
INSERT INTO role( id, designation ) VALUES ( 2, 'moderateur');
INSERT INTO role( id, designation ) VALUES ( 3, 'utilisateur');
INSERT INTO type_contact( id, intitule ) VALUES ( 4, 'Nos partenaire');
INSERT INTO type_contact( id, intitule ) VALUES ( 5, 'Nos clients');
INSERT INTO type_contact( id, intitule ) VALUES ( 6, 'Nos collaborateur');
INSERT INTO type_plastique( id, p_type ) VALUES ( 1, 'LDPE');
INSERT INTO type_plastique( id, p_type ) VALUES ( 2, 'HDPE');
INSERT INTO type_plastique( id, p_type ) VALUES ( 3, 'PP');
INSERT INTO type_plastique( id, p_type ) VALUES ( 4, 'PET');
INSERT INTO type_plastique( id, p_type ) VALUES ( 9, 'No plastique');
INSERT INTO type_service( id, type_s ) VALUES ( 2, 'Operateur');
INSERT INTO type_service( id, type_s ) VALUES ( 1, 'Partenariat');
INSERT INTO type_service( id, type_s ) VALUES ( 3, 'socio-environnemental');
INSERT INTO type_transaction( id, type_transaction ) VALUES ( 4, 'Achat Plastikoo');
INSERT INTO type_transaction( id, type_transaction ) VALUES ( 3, 'Bon d''achat');
INSERT INTO type_transaction( id, type_transaction ) VALUES ( 2, 'Recolte');
INSERT INTO type_transaction( id, type_transaction ) VALUES ( 1, 'Retrait');
INSERT INTO utilisateur( id, nom, prenom, email, pseudo_utilisateur, mot_de_passe, date_naissance, solde, code_pin, cp_tentative, cp_timestamp_exp, url_profil, id_google, img_profil ) VALUES ( 1, 'RANDRIANARISON', 'Johns Irintsoa', 'johnsirintsoa18@gmail.com', 'JIrintsoa', '1234Jo', '2002-09-18', 400, '1234', 4, '2024-08-08 04.16.49 PM', null, null, null);
INSERT INTO utilisateur( id, nom, prenom, email, pseudo_utilisateur, mot_de_passe, date_naissance, solde, code_pin, cp_tentative, cp_timestamp_exp, url_profil, id_google, img_profil ) VALUES ( 2, 'Jane', 'Doe', 'jane.doe@example.com', 'janedoe', 'password2', '1991-02-01', 100, '5678', 0, '2025-01-01 02.59.59 AM', null, null, null);
INSERT INTO utilisateur( id, nom, prenom, email, pseudo_utilisateur, mot_de_passe, date_naissance, solde, code_pin, cp_tentative, cp_timestamp_exp, url_profil, id_google, img_profil ) VALUES ( 3, 'Alice', 'Smith', 'alice.smith@example.com', 'alicesmith', 'password3', '1992-03-01', 100, '9101', 0, '2025-01-01 02.59.59 AM', null, null, null);
INSERT INTO utilisateur( id, nom, prenom, email, pseudo_utilisateur, mot_de_passe, date_naissance, solde, code_pin, cp_tentative, cp_timestamp_exp, url_profil, id_google, img_profil ) VALUES ( 4, 'Bob', 'Johnson', 'bob.johnson@example.com', 'bobjohnson', 'password4', '1993-04-01', 100, '1121', 0, '2025-01-01 02.59.59 AM', null, null, null);
INSERT INTO utilisateur( id, nom, prenom, email, pseudo_utilisateur, mot_de_passe, date_naissance, solde, code_pin, cp_tentative, cp_timestamp_exp, url_profil, id_google, img_profil ) VALUES ( 5, 'Charlie', 'Brown', 'charlie.brown@example.com', 'charlieb', 'password5', '1994-05-01', 100, '3141', 0, '2025-01-01 02.59.59 AM', null, null, null);
INSERT INTO utilisateur( id, nom, prenom, email, pseudo_utilisateur, mot_de_passe, date_naissance, solde, code_pin, cp_tentative, cp_timestamp_exp, url_profil, id_google, img_profil ) VALUES ( 6, 'David', 'Davis', 'david.davis@example.com', 'davidd', 'password6', '1995-06-01', 100, '5161', 0, '2025-01-01 02.59.59 AM', null, null, null);
INSERT INTO utilisateur( id, nom, prenom, email, pseudo_utilisateur, mot_de_passe, date_naissance, solde, code_pin, cp_tentative, cp_timestamp_exp, url_profil, id_google, img_profil ) VALUES ( 7, 'Eva', 'Martinez', 'eva.martinez@example.com', 'evam', 'password7', '1996-07-01', 100, '7181', 0, '2025-01-01 02.59.59 AM', null, null, null);
INSERT INTO utilisateur( id, nom, prenom, email, pseudo_utilisateur, mot_de_passe, date_naissance, solde, code_pin, cp_tentative, cp_timestamp_exp, url_profil, id_google, img_profil ) VALUES ( 8, 'Frank', 'Garcia', 'frank.garcia@example.com', 'frankg', 'password8', '1997-08-01', 100, '9201', 0, '2025-01-01 02.59.59 AM', null, null, null);
INSERT INTO utilisateur( id, nom, prenom, email, pseudo_utilisateur, mot_de_passe, date_naissance, solde, code_pin, cp_tentative, cp_timestamp_exp, url_profil, id_google, img_profil ) VALUES ( 9, 'Grace', 'Hernandez', 'grace.hernandez@example.com', 'graceh', 'password9', '1998-09-01', 100, '1223', 0, '2025-01-01 02.59.59 AM', null, null, null);
INSERT INTO utilisateur( id, nom, prenom, email, pseudo_utilisateur, mot_de_passe, date_naissance, solde, code_pin, cp_tentative, cp_timestamp_exp, url_profil, id_google, img_profil ) VALUES ( 10, 'Hank', 'Wilson', 'hank.wilson@example.com', 'hankw', 'password10', '1999-10-01', 100, '3245', 0, '2025-01-01 02.59.59 AM', null, null, null);
INSERT INTO utilisateur( id, nom, prenom, email, pseudo_utilisateur, mot_de_passe, date_naissance, solde, code_pin, cp_tentative, cp_timestamp_exp, url_profil, id_google, img_profil ) VALUES ( 11, 'Nolan', 'Jackson', 'johns.irintsoa@gmail.com', 'Nolan18', '123Nolan', '2000-08-26', 0, 'XXXX', 0, null, null, null, null);
INSERT INTO utilisateur( id, nom, prenom, email, pseudo_utilisateur, mot_de_passe, date_naissance, solde, code_pin, cp_tentative, cp_timestamp_exp, url_profil, id_google, img_profil ) VALUES ( 13, 'RAKOTORISON', 'Landry', 'george@gmail.com', 'LAND09', '$2b$10$1MN2QPtoKjsCzJxHyltfPOzpGQ5JbPVwGw/FRLfrE./fdyeSv5Eki', '2000-01-01', 1000, 'XXXX', 0, null, null, null, null);
INSERT INTO utilisateur( id, nom, prenom, email, pseudo_utilisateur, mot_de_passe, date_naissance, solde, code_pin, cp_tentative, cp_timestamp_exp, url_profil, id_google, img_profil ) VALUES ( 14, 'RAKOTORISON', 'Landry', 'johns.irintsoa@gmail.com', 'JIrintsoa18', '$2b$10$/AN3G7iWcIFhKiwXqvz8reBB1I38l5LWR1klqV06Xu.465rBhx5UC', '2000-01-01', 50, '7874', 1, null, null, null, 'pseudo-832947425.png');
INSERT INTO utilisateur_role( id, id_utilisateur, id_role ) VALUES ( 1, 1, 1);
INSERT INTO utilisateur_role( id, id_utilisateur, id_role ) VALUES ( 2, 1, 3);
INSERT INTO utilisateur_role( id, id_utilisateur, id_role ) VALUES ( 3, 2, 1);
INSERT INTO utilisateur_role( id, id_utilisateur, id_role ) VALUES ( 4, 2, 2);
INSERT INTO utilisateur_role( id, id_utilisateur, id_role ) VALUES ( 5, 3, 3);
INSERT INTO utilisateur_role( id, id_utilisateur, id_role ) VALUES ( 6, 13, 1);
INSERT INTO utilisateur_role( id, id_utilisateur, id_role ) VALUES ( 7, 13, 3);
INSERT INTO utilisateur_role( id, id_utilisateur, id_role ) VALUES ( 8, 14, 3);
INSERT INTO utilisateur_role( id, id_utilisateur, id_role ) VALUES ( 10, 14, 1);
INSERT INTO contact_forms( id, nom, prenom, email, id_type_contact, message ) VALUES ( 55, 'RAKOTO', 'jean', 'rakoto.nirina@gmail.com', 4, 'Hello world');
INSERT INTO machine_recolte( id, designation, id_type_plastique, capacite_stockage, lieu ) VALUES ( 1, 'Akoor digue PL001', 3, 200.0, 'Akoor digue');
INSERT INTO machine_recolte( id, designation, id_type_plastique, capacite_stockage, lieu ) VALUES ( 2, 'Akoor digue PL002', 3, 200.0, 'Akoor digue');
INSERT INTO machine_recolte( id, designation, id_type_plastique, capacite_stockage, lieu ) VALUES ( 3, 'Jumbo Score PL001', 1, 200.0, 'Jumbo score');
INSERT INTO machine_recolte( id, designation, id_type_plastique, capacite_stockage, lieu ) VALUES ( 4, 'Jumbo Score PL002', 1, 200.0, 'Jumbo score');
INSERT INTO machine_recolte( id, designation, id_type_plastique, capacite_stockage, lieu ) VALUES ( 5, 'Stade de Barea PL001', 1, 200.0, 'Stade de Barea');
INSERT INTO machine_recolte( id, designation, id_type_plastique, capacite_stockage, lieu ) VALUES ( 6, 'Stade de Barea PL002', 1, 200.0, 'Stade de Barea');
INSERT INTO machine_recolte( id, designation, id_type_plastique, capacite_stockage, lieu ) VALUES ( 7, 'No machine', 9, 0.0, 'Aucun');
INSERT INTO produit( id, designation, description, id_cat, img, prix_vente, qte_kg, id_type_plastique ) VALUES ( 1, 'Produit B', 'Description du produit B.', 2, 'https://exemple.com/images/produitB.jpg', 29.99, 5.0, 2);
INSERT INTO publication( id, titre, contenu, id_utilisateur, date_creation, lien ) VALUES ( 1, 'Sustainable Living Tips', 'Content about living sustainably with small changes.', 1, '2024-08-13 12.11.25 PM', 'http://example.com/sustainable-living-tips');
INSERT INTO publication( id, titre, contenu, id_utilisateur, date_creation, lien ) VALUES ( 2, 'Top 10 Travel Destinations', 'A guide to the top 10 travel destinations for 2024.', 2, '2024-08-13 12.11.25 PM', 'http://example.com/top-10-travel-destinations');
INSERT INTO publication( id, titre, contenu, id_utilisateur, date_creation, lien ) VALUES ( 3, 'Healthy Eating Habits', 'How to develop healthy eating habits in your daily life.', 3, '2024-08-13 12.11.25 PM', 'http://example.com/healthy-eating-habits');
INSERT INTO publication( id, titre, contenu, id_utilisateur, date_creation, lien ) VALUES ( 4, 'The Future of Technology', 'Exploring the future trends in technology.', 4, '2024-08-13 12.11.25 PM', 'http://example.com/future-of-technology');
INSERT INTO publication( id, titre, contenu, id_utilisateur, date_creation, lien ) VALUES ( 5, 'Financial Independence', 'Steps to achieving financial independence.', 5, '2024-08-13 12.11.25 PM', 'http://example.com/financial-independence');
INSERT INTO publication( id, titre, contenu, id_utilisateur, date_creation, lien ) VALUES ( 6, 'Outdoor Adventures', 'The best outdoor adventures to try in 2024.', 6, '2024-08-13 12.11.25 PM', 'http://example.com/outdoor-adventures');
INSERT INTO publication( id, titre, contenu, id_utilisateur, date_creation, lien ) VALUES ( 7, 'The Art of Minimalism', 'Understanding and practicing minimalism in life.', 7, '2024-08-13 12.11.25 PM', 'http://example.com/art-of-minimalism');
INSERT INTO publication( id, titre, contenu, id_utilisateur, date_creation, lien ) VALUES ( 8, 'Fitness Tips for Beginners', 'Essential fitness tips for those just starting out.', 8, '2024-08-13 12.11.25 PM', 'http://example.com/fitness-tips-for-beginners');
INSERT INTO publication( id, titre, contenu, id_utilisateur, date_creation, lien ) VALUES ( 9, 'Home Gardening 101', 'A beginner’s guide to starting a home garden.', 9, '2024-08-13 12.11.25 PM', 'http://example.com/home-gardening-101');
INSERT INTO publication( id, titre, contenu, id_utilisateur, date_creation, lien ) VALUES ( 10, 'Digital Nomad Lifestyle', 'What it takes to live a digital nomad lifestyle.', 10, '2024-08-13 12.11.25 PM', 'http://example.com/digital-nomad-lifestyle');
INSERT INTO publication( id, titre, contenu, id_utilisateur, date_creation, lien ) VALUES ( 11, 'Eco-Friendly Products', 'Review of the best eco-friendly products in 2024.', 1, '2024-08-13 12.11.25 PM', 'http://example.com/eco-friendly-products');
INSERT INTO publication( id, titre, contenu, id_utilisateur, date_creation, lien ) VALUES ( 12, 'Mindfulness Meditation', 'Benefits and practices of mindfulness meditation.', 2, '2024-08-13 12.11.25 PM', 'http://example.com/mindfulness-meditation');
INSERT INTO publication( id, titre, contenu, id_utilisateur, date_creation, lien ) VALUES ( 13, 'Investing for Beginners', 'A beginner’s guide to investing in the stock market.', 3, '2024-08-13 12.11.25 PM', 'http://example.com/investing-for-beginners');
INSERT INTO publication( id, titre, contenu, id_utilisateur, date_creation, lien ) VALUES ( 14, 'Creative Writing Tips', 'How to get started with creative writing.', 4, '2024-08-13 12.11.25 PM', 'http://example.com/creative-writing-tips');
INSERT INTO publication( id, titre, contenu, id_utilisateur, date_creation, lien ) VALUES ( 15, 'DIY Home Improvement', 'Easy DIY projects to improve your home.', 5, '2024-08-13 12.11.25 PM', 'http://example.com/diy-home-improvement');
INSERT INTO publication( id, titre, contenu, id_utilisateur, date_creation, lien ) VALUES ( 16, 'Social Media Marketing', 'Effective social media marketing strategies.', 6, '2024-08-13 12.11.25 PM', 'http://example.com/social-media-marketing');
INSERT INTO publication( id, titre, contenu, id_utilisateur, date_creation, lien ) VALUES ( 17, 'Sustainable Fashion', 'How to make sustainable fashion choices.', 7, '2024-08-13 12.11.25 PM', 'http://example.com/sustainable-fashion');
INSERT INTO publication( id, titre, contenu, id_utilisateur, date_creation, lien ) VALUES ( 18, 'Remote Work Challenges', 'Overcoming the challenges of remote work.', 8, '2024-08-13 12.11.25 PM', 'http://example.com/remote-work-challenges');
INSERT INTO publication( id, titre, contenu, id_utilisateur, date_creation, lien ) VALUES ( 19, 'Personal Development Goals', 'Setting and achieving personal development goals.', 9, '2024-08-13 12.11.25 PM', 'http://example.com/personal-development-goals');
INSERT INTO publication( id, titre, contenu, id_utilisateur, date_creation, lien ) VALUES ( 20, 'Climate Change Awareness', 'Raising awareness about climate change and its impacts.', 10, '2024-08-13 12.11.25 PM', 'http://example.com/climate-change-awareness');
INSERT INTO publication( id, titre, contenu, id_utilisateur, date_creation, lien ) VALUES ( 21, 'Plastikoo OSC final', 'hellloweijjfofjewofeof', 13, '2024-09-04 04.27.48 AM', 'forum-528891805.png');
INSERT INTO publication( id, titre, contenu, id_utilisateur, date_creation, lien ) VALUES ( 22, 'Plastikoo OSC final', 'hellloweijjfofjewofeof', 13, '2024-09-05 01.42.19 PM', 'forum-876840768.png');
INSERT INTO publication( id, titre, contenu, id_utilisateur, date_creation, lien ) VALUES ( 23, 'Plastikoo test 1', 'voici plastikoo voici test 1', 4, '2024-09-05 02.50.23 PM', null);
INSERT INTO publication( id, titre, contenu, id_utilisateur, date_creation, lien ) VALUES ( 24, 'Plastikoo test 2', 'voici plastikoo voici test 2', 4, '2024-09-05 02.50.56 PM', null);
INSERT INTO publication( id, titre, contenu, id_utilisateur, date_creation, lien ) VALUES ( 26, 'Plastikoo OSC final', 'hellloweijjfofjewofeof', 13, '2024-09-05 07.40.16 PM', null);
INSERT INTO reaction_pub( id, est_reagi, date_creation, id_publication, id_utilisateur ) VALUES ( 1, 'oui', '2024-08-16 06.00.48 PM', 1, 1);
INSERT INTO reaction_pub( id, est_reagi, date_creation, id_publication, id_utilisateur ) VALUES ( 2, 'oui', '2024-08-16 06.00.48 PM', 1, 2);
INSERT INTO reaction_pub( id, est_reagi, date_creation, id_publication, id_utilisateur ) VALUES ( 3, 'oui', '2024-08-16 06.00.48 PM', 1, 3);
INSERT INTO reaction_pub( id, est_reagi, date_creation, id_publication, id_utilisateur ) VALUES ( 4, 'oui', '2024-08-16 06.00.48 PM', 1, 4);
INSERT INTO reaction_pub( id, est_reagi, date_creation, id_publication, id_utilisateur ) VALUES ( 5, 'oui', '2024-08-16 06.00.48 PM', 1, 5);
INSERT INTO reaction_pub( id, est_reagi, date_creation, id_publication, id_utilisateur ) VALUES ( 6, 'oui', '2024-08-16 06.00.48 PM', 1, 6);
INSERT INTO reaction_pub( id, est_reagi, date_creation, id_publication, id_utilisateur ) VALUES ( 7, 'oui', '2024-08-16 06.00.48 PM', 1, 7);
INSERT INTO reaction_pub( id, est_reagi, date_creation, id_publication, id_utilisateur ) VALUES ( 8, 'oui', '2024-08-16 06.00.48 PM', 1, 8);
INSERT INTO reaction_pub( id, est_reagi, date_creation, id_publication, id_utilisateur ) VALUES ( 9, 'oui', '2024-08-16 06.00.48 PM', 1, 9);
INSERT INTO reaction_pub( id, est_reagi, date_creation, id_publication, id_utilisateur ) VALUES ( 10, 'oui', '2024-08-16 06.00.48 PM', 1, 10);
INSERT INTO reaction_pub( id, est_reagi, date_creation, id_publication, id_utilisateur ) VALUES ( 11, 'oui', '2024-08-16 06.01.00 PM', 2, 1);
INSERT INTO reaction_pub( id, est_reagi, date_creation, id_publication, id_utilisateur ) VALUES ( 12, 'oui', '2024-08-16 06.01.00 PM', 2, 2);
INSERT INTO reaction_pub( id, est_reagi, date_creation, id_publication, id_utilisateur ) VALUES ( 13, 'oui', '2024-08-16 06.01.00 PM', 2, 3);
INSERT INTO reaction_pub( id, est_reagi, date_creation, id_publication, id_utilisateur ) VALUES ( 14, 'oui', '2024-08-16 06.01.00 PM', 2, 4);
INSERT INTO reaction_pub( id, est_reagi, date_creation, id_publication, id_utilisateur ) VALUES ( 15, 'oui', '2024-08-16 06.01.00 PM', 2, 5);
INSERT INTO reaction_pub( id, est_reagi, date_creation, id_publication, id_utilisateur ) VALUES ( 16, 'oui', '2024-08-16 06.01.00 PM', 2, 6);
INSERT INTO reaction_pub( id, est_reagi, date_creation, id_publication, id_utilisateur ) VALUES ( 17, 'oui', '2024-08-16 06.01.00 PM', 2, 7);
INSERT INTO reaction_pub( id, est_reagi, date_creation, id_publication, id_utilisateur ) VALUES ( 18, 'oui', '2024-08-16 06.01.00 PM', 2, 8);
INSERT INTO reaction_pub( id, est_reagi, date_creation, id_publication, id_utilisateur ) VALUES ( 19, 'oui', '2024-08-16 06.01.00 PM', 2, 9);
INSERT INTO reaction_pub( id, est_reagi, date_creation, id_publication, id_utilisateur ) VALUES ( 20, 'oui', '2024-08-16 06.01.00 PM', 2, 10);
INSERT INTO reaction_pub( id, est_reagi, date_creation, id_publication, id_utilisateur ) VALUES ( 21, 'oui', '2024-08-16 06.01.19 PM', 3, 1);
INSERT INTO reaction_pub( id, est_reagi, date_creation, id_publication, id_utilisateur ) VALUES ( 22, 'oui', '2024-08-16 06.01.19 PM', 3, 2);
INSERT INTO reaction_pub( id, est_reagi, date_creation, id_publication, id_utilisateur ) VALUES ( 23, 'oui', '2024-08-16 06.01.19 PM', 3, 3);
INSERT INTO reaction_pub( id, est_reagi, date_creation, id_publication, id_utilisateur ) VALUES ( 24, 'oui', '2024-08-16 06.01.19 PM', 3, 4);
INSERT INTO reaction_pub( id, est_reagi, date_creation, id_publication, id_utilisateur ) VALUES ( 25, 'oui', '2024-08-16 06.01.19 PM', 3, 5);
INSERT INTO reaction_pub( id, est_reagi, date_creation, id_publication, id_utilisateur ) VALUES ( 26, 'oui', '2024-08-16 06.01.19 PM', 3, 6);
INSERT INTO reaction_pub( id, est_reagi, date_creation, id_publication, id_utilisateur ) VALUES ( 27, 'oui', '2024-08-16 06.01.19 PM', 3, 7);
INSERT INTO reaction_pub( id, est_reagi, date_creation, id_publication, id_utilisateur ) VALUES ( 28, 'oui', '2024-08-16 06.01.19 PM', 3, 8);
INSERT INTO reaction_pub( id, est_reagi, date_creation, id_publication, id_utilisateur ) VALUES ( 29, 'oui', '2024-08-16 06.01.19 PM', 3, 9);
INSERT INTO reaction_pub( id, est_reagi, date_creation, id_publication, id_utilisateur ) VALUES ( 30, 'oui', '2024-08-16 06.01.19 PM', 3, 10);
INSERT INTO reaction_pub( id, est_reagi, date_creation, id_publication, id_utilisateur ) VALUES ( 31, 'oui', '2024-08-16 06.02.55 PM', 4, 1);
INSERT INTO reaction_pub( id, est_reagi, date_creation, id_publication, id_utilisateur ) VALUES ( 32, 'oui', '2024-08-16 06.02.55 PM', 4, 2);
INSERT INTO reaction_pub( id, est_reagi, date_creation, id_publication, id_utilisateur ) VALUES ( 33, 'oui', '2024-08-16 06.02.55 PM', 4, 3);
INSERT INTO reaction_pub( id, est_reagi, date_creation, id_publication, id_utilisateur ) VALUES ( 34, 'oui', '2024-08-16 06.02.55 PM', 4, 4);
INSERT INTO reaction_pub( id, est_reagi, date_creation, id_publication, id_utilisateur ) VALUES ( 35, 'oui', '2024-08-16 06.02.55 PM', 4, 5);
INSERT INTO reaction_pub( id, est_reagi, date_creation, id_publication, id_utilisateur ) VALUES ( 36, 'oui', '2024-08-16 06.02.55 PM', 4, 6);
INSERT INTO reaction_pub( id, est_reagi, date_creation, id_publication, id_utilisateur ) VALUES ( 37, 'oui', '2024-08-16 06.02.55 PM', 4, 7);
INSERT INTO reaction_pub( id, est_reagi, date_creation, id_publication, id_utilisateur ) VALUES ( 38, 'oui', '2024-08-16 06.02.55 PM', 4, 8);
INSERT INTO reaction_pub( id, est_reagi, date_creation, id_publication, id_utilisateur ) VALUES ( 39, 'oui', '2024-08-16 06.02.55 PM', 4, 9);
INSERT INTO reaction_pub( id, est_reagi, date_creation, id_publication, id_utilisateur ) VALUES ( 40, 'oui', '2024-08-16 06.02.55 PM', 4, 10);
INSERT INTO reaction_pub( id, est_reagi, date_creation, id_publication, id_utilisateur ) VALUES ( 41, 'oui', '2024-08-16 06.03.09 PM', 5, 1);
INSERT INTO reaction_pub( id, est_reagi, date_creation, id_publication, id_utilisateur ) VALUES ( 42, 'oui', '2024-08-16 06.03.09 PM', 5, 2);
INSERT INTO reaction_pub( id, est_reagi, date_creation, id_publication, id_utilisateur ) VALUES ( 43, 'oui', '2024-08-16 06.03.09 PM', 5, 3);
INSERT INTO reaction_pub( id, est_reagi, date_creation, id_publication, id_utilisateur ) VALUES ( 44, 'oui', '2024-08-16 06.03.09 PM', 5, 4);
INSERT INTO reaction_pub( id, est_reagi, date_creation, id_publication, id_utilisateur ) VALUES ( 45, 'oui', '2024-08-16 06.03.09 PM', 5, 5);
INSERT INTO reaction_pub( id, est_reagi, date_creation, id_publication, id_utilisateur ) VALUES ( 46, 'oui', '2024-08-16 06.03.09 PM', 5, 6);
INSERT INTO reaction_pub( id, est_reagi, date_creation, id_publication, id_utilisateur ) VALUES ( 47, 'oui', '2024-08-16 06.03.09 PM', 5, 7);
INSERT INTO reaction_pub( id, est_reagi, date_creation, id_publication, id_utilisateur ) VALUES ( 48, 'oui', '2024-08-16 06.03.09 PM', 5, 8);
INSERT INTO reaction_pub( id, est_reagi, date_creation, id_publication, id_utilisateur ) VALUES ( 49, 'oui', '2024-08-16 06.03.09 PM', 5, 9);
INSERT INTO reaction_pub( id, est_reagi, date_creation, id_publication, id_utilisateur ) VALUES ( 50, 'oui', '2024-08-16 06.03.09 PM', 5, 10);
INSERT INTO service( id, libelle, commission_plastikoo, commission_service, min_som_requis, max_som_requis, duree_jour_valide, id_type_service, url_logo ) VALUES ( 1, 'Orange Money', 0.0, 0.2, 5000, 50000, 0, 2, null);
INSERT INTO service( id, libelle, commission_plastikoo, commission_service, min_som_requis, max_som_requis, duree_jour_valide, id_type_service, url_logo ) VALUES ( 2, 'Airtel Money', 0.0, 0.2, 5000, 50000, 0, 2, null);
INSERT INTO service( id, libelle, commission_plastikoo, commission_service, min_som_requis, max_som_requis, duree_jour_valide, id_type_service, url_logo ) VALUES ( 3, 'Mvola', 0.0, 0.2, 5000, 50000, 0, 2, null);
INSERT INTO service( id, libelle, commission_plastikoo, commission_service, min_som_requis, max_som_requis, duree_jour_valide, id_type_service, url_logo ) VALUES ( 4, 'Jumbo', 0.2, 0.0, 5000, 50000, 5, 1, null);
INSERT INTO service( id, libelle, commission_plastikoo, commission_service, min_som_requis, max_som_requis, duree_jour_valide, id_type_service, url_logo ) VALUES ( 5, 'Leader Price', 0.2, 0.0, 5000, 50000, 5, 1, null);
INSERT INTO service( id, libelle, commission_plastikoo, commission_service, min_som_requis, max_som_requis, duree_jour_valide, id_type_service, url_logo ) VALUES ( 6, 'Super U', 0.2, 0.0, 5000, 50000, 0, 1, null);
INSERT INTO service( id, libelle, commission_plastikoo, commission_service, min_som_requis, max_som_requis, duree_jour_valide, id_type_service, url_logo ) VALUES ( 7, 'SuperMaki', 0.2, 0.0, 5000, 50000, 0, 1, null);
INSERT INTO service( id, libelle, commission_plastikoo, commission_service, min_som_requis, max_som_requis, duree_jour_valide, id_type_service, url_logo ) VALUES ( 8, 'Aucun', 0.0, 0.0, 0, 0, 0, 3, null);
INSERT INTO stock( id, qte_kg_entrant, qte_kg_sortant, date_mouvement, id_machine_recolte, reference, nbr_utilisateur ) VALUES ( 2, 0.0, 78.89, '2024-07-29', null, null, 0);
INSERT INTO ticket( id, montant, code_recolte, date_creation, date_utilisation, id_machine_recolte, est_utilise ) VALUES ( 8, 50, '618536', '2024-09-11 05.14.36 PM', null, 2, 0);
INSERT INTO ticket( id, montant, code_recolte, date_creation, date_utilisation, id_machine_recolte, est_utilise ) VALUES ( 9, 20, '001440', '2024-09-11 05.32.55 PM', null, 2, 0);
INSERT INTO ticket( id, montant, code_recolte, date_creation, date_utilisation, id_machine_recolte, est_utilise ) VALUES ( 11, 20, '613876', '2024-09-16 10.57.21 PM', null, 4, 0);
INSERT INTO ticket( id, montant, code_recolte, date_creation, date_utilisation, id_machine_recolte, est_utilise ) VALUES ( 12, 20, '518283', '2024-09-16 11.01.38 PM', null, 4, 0);
INSERT INTO ticket( id, montant, code_recolte, date_creation, date_utilisation, id_machine_recolte, est_utilise ) VALUES ( 14, 20, '013927', '2024-09-17 02.38.57 PM', null, 4, 0);
INSERT INTO transaction( id, montant, reference, id_utilisateur, id_machine_recolte, date_transaction, numero_beneficiaire, numero_expediteur, id_service, id_type_transaction, commission_service, commission_plastikoo ) VALUES ( 62, 2000, 'RCLT106998162240816110845', 1, 2, '2024-08-16 03.00.00 AM', null, null, 8, 2, 0.0, 0.0);
INSERT INTO transaction( id, montant, reference, id_utilisateur, id_machine_recolte, date_transaction, numero_beneficiaire, numero_expediteur, id_service, id_type_transaction, commission_service, commission_plastikoo ) VALUES ( 63, 5000, 'BA585956826240816110811', 1, 7, '2024-08-16 03.00.00 AM', null, null, 4, 3, 0.0, 0.2);
INSERT INTO transaction( id, montant, reference, id_utilisateur, id_machine_recolte, date_transaction, numero_beneficiaire, numero_expediteur, id_service, id_type_transaction, commission_service, commission_plastikoo ) VALUES ( 64, 2200, 'RTT355545622240816110824', 1, 7, '2024-08-16 03.00.00 AM', '+261321846915', '+261321289617', 1, 1, 0.2, 0.0);
INSERT INTO transaction( id, montant, reference, id_utilisateur, id_machine_recolte, date_transaction, numero_beneficiaire, numero_expediteur, id_service, id_type_transaction, commission_service, commission_plastikoo ) VALUES ( 65, 500, 'BA176994768240816010846', 1, 7, '2024-08-16 03.00.00 AM', null, null, 4, 3, 0.0, 0.2);
INSERT INTO transaction( id, montant, reference, id_utilisateur, id_machine_recolte, date_transaction, numero_beneficiaire, numero_expediteur, id_service, id_type_transaction, commission_service, commission_plastikoo ) VALUES ( 66, 100, 'RCLT251302928240827020827', 1, 2, '2024-08-27 05.53.28 PM', null, null, 8, 2, 0.0, 0.0);
INSERT INTO transaction( id, montant, reference, id_utilisateur, id_machine_recolte, date_transaction, numero_beneficiaire, numero_expediteur, id_service, id_type_transaction, commission_service, commission_plastikoo ) VALUES ( 67, 2000, 'RCLT585195203240829080841', 13, 2, '2024-08-29 11.59.41 PM', null, null, 8, 2, 0.0, 0.0);
INSERT INTO transaction( id, montant, reference, id_utilisateur, id_machine_recolte, date_transaction, numero_beneficiaire, numero_expediteur, id_service, id_type_transaction, commission_service, commission_plastikoo ) VALUES ( 68, 1000, 'RTT857316819240829090830', 13, 7, '2024-08-30 12.16.30 AM', '+261321846915', '+261321289617', 1, 1, 0.2, 0.0);
INSERT INTO transaction( id, montant, reference, id_utilisateur, id_machine_recolte, date_transaction, numero_beneficiaire, numero_expediteur, id_service, id_type_transaction, commission_service, commission_plastikoo ) VALUES ( 69, 50, 'RCLT784925271240911030915', 14, 2, '2024-09-11 06.56.15 PM', null, null, 8, 2, 0.0, 0.0);
INSERT INTO bon_achat( id, code_barre, date_exp, date_creation, id_transaction, etat ) VALUES ( 44, '9544703719713', '2024-08-21', '2024-08-16', 63, 'cree');
INSERT INTO bon_achat( id, code_barre, date_exp, date_creation, id_transaction, etat ) VALUES ( 45, '4693319422838', '2024-08-21', '2024-08-16', 65, 'cree');
INSERT INTO commentaire_pub( id, contenu, id_utilisateur, id_publication, date_creation, id_main_commentaire ) VALUES ( 1, 'This is a comment on publication 1 by user 1.', 1, 1, '2024-08-13', null);
INSERT INTO commentaire_pub( id, contenu, id_utilisateur, id_publication, date_creation, id_main_commentaire ) VALUES ( 2, 'This is a comment on publication 1 by user 2.', 2, 1, '2024-08-13', null);
INSERT INTO commentaire_pub( id, contenu, id_utilisateur, id_publication, date_creation, id_main_commentaire ) VALUES ( 3, 'This is a comment on publication 2 by user 1.', 1, 2, '2024-08-13', null);
INSERT INTO commentaire_pub( id, contenu, id_utilisateur, id_publication, date_creation, id_main_commentaire ) VALUES ( 4, 'This is a comment on publication 2 by user 2.', 2, 2, '2024-08-13', null);
INSERT INTO commentaire_pub( id, contenu, id_utilisateur, id_publication, date_creation, id_main_commentaire ) VALUES ( 5, 'This is a reply to user 1 on publication 1 by user 3.', 3, 1, '2024-08-13', 1);
INSERT INTO commentaire_pub( id, contenu, id_utilisateur, id_publication, date_creation, id_main_commentaire ) VALUES ( 6, 'This is a reply to user 2 on publication 1 by user 4.', 4, 1, '2024-08-13', 2);
INSERT INTO commentaire_pub( id, contenu, id_utilisateur, id_publication, date_creation, id_main_commentaire ) VALUES ( 7, 'This is a reply to user 1 on publication 2 by user 3.', 3, 2, '2024-08-13', 3);
INSERT INTO commentaire_pub( id, contenu, id_utilisateur, id_publication, date_creation, id_main_commentaire ) VALUES ( 8, 'This is a reply to user 2 on publication 2 by user 4.', 4, 2, '2024-08-13', 4);
INSERT INTO commentaire_pub( id, contenu, id_utilisateur, id_publication, date_creation, id_main_commentaire ) VALUES ( 9, 'This is a reply to user 3 on publication 1 by user 5.', 5, 1, '2024-08-13', 5);
INSERT INTO commentaire_pub( id, contenu, id_utilisateur, id_publication, date_creation, id_main_commentaire ) VALUES ( 10, 'This is a reply to user 4 on publication 1 by user 6.', 6, 1, '2024-08-13', 6);
INSERT INTO commentaire_pub( id, contenu, id_utilisateur, id_publication, date_creation, id_main_commentaire ) VALUES ( 11, 'This is a reply to user 3 on publication 2 by user 5.', 5, 2, '2024-08-13', 7);
INSERT INTO commentaire_pub( id, contenu, id_utilisateur, id_publication, date_creation, id_main_commentaire ) VALUES ( 12, 'This is a reply to user 4 on publication 2 by user 6.', 6, 2, '2024-08-13', 8);
INSERT INTO commentaire_pub( id, contenu, id_utilisateur, id_publication, date_creation, id_main_commentaire ) VALUES ( 13, 'This is another reply to user 3 on publication 1 by user 7.', 7, 1, '2024-08-13', 5);
INSERT INTO commentaire_pub( id, contenu, id_utilisateur, id_publication, date_creation, id_main_commentaire ) VALUES ( 14, 'This is another reply to user 3 on publication 2 by user 7.', 7, 2, '2024-08-13', 7);
INSERT INTO commentaire_pub( id, contenu, id_utilisateur, id_publication, date_creation, id_main_commentaire ) VALUES ( 15, 'This is a comment on publication 3 by user 8.', 8, 3, '2024-08-13', null);
INSERT INTO commentaire_pub( id, contenu, id_utilisateur, id_publication, date_creation, id_main_commentaire ) VALUES ( 16, 'This is a comment on publication 3 by user 9.', 9, 3, '2024-08-13', null);
INSERT INTO commentaire_pub( id, contenu, id_utilisateur, id_publication, date_creation, id_main_commentaire ) VALUES ( 17, 'This is a reply to user 8 on publication 3 by user 10.', 10, 3, '2024-08-13', 15);
INSERT INTO commentaire_pub( id, contenu, id_utilisateur, id_publication, date_creation, id_main_commentaire ) VALUES ( 18, 'This is a reply to user 9 on publication 3 by user 10.', 10, 3, '2024-08-13', 16);
INSERT INTO commentaire_pub( id, contenu, id_utilisateur, id_publication, date_creation, id_main_commentaire ) VALUES ( 19, 'This is another reply to my own comment on publication 3 by user 10.', 10, 3, '2024-08-13', 17);
INSERT INTO commentaire_pub( id, contenu, id_utilisateur, id_publication, date_creation, id_main_commentaire ) VALUES ( 20, 'This is another reply to my own comment on publication 3 by user 10.', 10, 3, '2024-08-13', 18);
INSERT INTO commentaire_pub( id, contenu, id_utilisateur, id_publication, date_creation, id_main_commentaire ) VALUES ( 48, 'ito plastikoo ito aloha dia milay be eeeee', 14, 26, '2024-09-05', null);
INSERT INTO commentaire_pub( id, contenu, id_utilisateur, id_publication, date_creation, id_main_commentaire ) VALUES ( 49, 'Mba hazavao anay hoe izany plastikoo milay izany azafady', 14, 26, '2024-09-05', 48);
INSERT INTO commentaire_pub( id, contenu, id_utilisateur, id_publication, date_creation, id_main_commentaire ) VALUES ( 52, 'asio pro hoe eeee', 13, 1, '2024-09-15', null);
INSERT INTO commentaire_pub( id, contenu, id_utilisateur, id_publication, date_creation, id_main_commentaire ) VALUES ( 53, 'the shop market is closed', 13, 13, '2024-09-17', null);
INSERT INTO photo_publication( id, img_url, img_alt, id_publication ) VALUES ( 1, 'plastikoo-test-1.png', 'Plastikoo test 1', 23);
INSERT INTO photo_publication( id, img_url, img_alt, id_publication ) VALUES ( 2, 'plastikoo-test-1.png', 'Plastikoo test 2', 24);
INSERT INTO photo_publication( id, img_url, img_alt, id_publication ) VALUES ( 4, 'forum-252606017.png', 'plastikoo osc final', 26);