INSERT INTO plastikoo2.utilisateur( id, nom, prenom, email, pseudo_utilisateur, mot_de_passe, date_naissance, solde, code_pin, cp_tentative, cp_timestamp_exp ) VALUES ( 1, 'RANDRIANARISON', 'Johns Irintsoa', 'johnsirintsoa18@gmail.com', 'JIrintsoa', '1234Jo', '2002-09-18', 2200, '1234', 0, '2024-08-08 04.16.49 PM');
INSERT INTO plastikoo2.utilisateur( id, nom, prenom, email, pseudo_utilisateur, mot_de_passe, date_naissance, solde, code_pin, cp_tentative, cp_timestamp_exp ) VALUES ( 2, 'Jane', 'Doe', 'jane.doe@example.com', 'janedoe', 'password2', '1991-02-01', 100, '5678', 0, '2025-01-01 02.59.59 AM');
INSERT INTO plastikoo2.utilisateur( id, nom, prenom, email, pseudo_utilisateur, mot_de_passe, date_naissance, solde, code_pin, cp_tentative, cp_timestamp_exp ) VALUES ( 3, 'Alice', 'Smith', 'alice.smith@example.com', 'alicesmith', 'password3', '1992-03-01', 100, '9101', 0, '2025-01-01 02.59.59 AM');
INSERT INTO plastikoo2.utilisateur( id, nom, prenom, email, pseudo_utilisateur, mot_de_passe, date_naissance, solde, code_pin, cp_tentative, cp_timestamp_exp ) VALUES ( 4, 'Bob', 'Johnson', 'bob.johnson@example.com', 'bobjohnson', 'password4', '1993-04-01', 100, '1121', 0, '2025-01-01 02.59.59 AM');
INSERT INTO plastikoo2.utilisateur( id, nom, prenom, email, pseudo_utilisateur, mot_de_passe, date_naissance, solde, code_pin, cp_tentative, cp_timestamp_exp ) VALUES ( 5, 'Charlie', 'Brown', 'charlie.brown@example.com', 'charlieb', 'password5', '1994-05-01', 100, '3141', 0, '2025-01-01 02.59.59 AM');
INSERT INTO plastikoo2.utilisateur( id, nom, prenom, email, pseudo_utilisateur, mot_de_passe, date_naissance, solde, code_pin, cp_tentative, cp_timestamp_exp ) VALUES ( 6, 'David', 'Davis', 'david.davis@example.com', 'davidd', 'password6', '1995-06-01', 100, '5161', 0, '2025-01-01 02.59.59 AM');
INSERT INTO plastikoo2.utilisateur( id, nom, prenom, email, pseudo_utilisateur, mot_de_passe, date_naissance, solde, code_pin, cp_tentative, cp_timestamp_exp ) VALUES ( 7, 'Eva', 'Martinez', 'eva.martinez@example.com', 'evam', 'password7', '1996-07-01', 100, '7181', 0, '2025-01-01 02.59.59 AM');
INSERT INTO plastikoo2.utilisateur( id, nom, prenom, email, pseudo_utilisateur, mot_de_passe, date_naissance, solde, code_pin, cp_tentative, cp_timestamp_exp ) VALUES ( 8, 'Frank', 'Garcia', 'frank.garcia@example.com', 'frankg', 'password8', '1997-08-01', 100, '9201', 0, '2025-01-01 02.59.59 AM');
INSERT INTO plastikoo2.utilisateur( id, nom, prenom, email, pseudo_utilisateur, mot_de_passe, date_naissance, solde, code_pin, cp_tentative, cp_timestamp_exp ) VALUES ( 9, 'Grace', 'Hernandez', 'grace.hernandez@example.com', 'graceh', 'password9', '1998-09-01', 100, '1223', 0, '2025-01-01 02.59.59 AM');
INSERT INTO plastikoo2.utilisateur( id, nom, prenom, email, pseudo_utilisateur, mot_de_passe, date_naissance, solde, code_pin, cp_tentative, cp_timestamp_exp ) VALUES ( 10, 'Hank', 'Wilson', 'hank.wilson@example.com', 'hankw', 'password10', '1999-10-01', 100, '3245', 0, '2025-01-01 02.59.59 AM');
INSERT INTO plastikoo2.publication( id, titre, contenu, id_utilisateur, date_creation, lien ) VALUES ( 1, 'Sustainable Living Tips', 'Content about living sustainably with small changes.', 1, '2024-08-13 12.11.25 PM', 'http://example.com/sustainable-living-tips');
INSERT INTO plastikoo2.publication( id, titre, contenu, id_utilisateur, date_creation, lien ) VALUES ( 2, 'Top 10 Travel Destinations', 'A guide to the top 10 travel destinations for 2024.', 2, '2024-08-13 12.11.25 PM', 'http://example.com/top-10-travel-destinations');
INSERT INTO plastikoo2.publication( id, titre, contenu, id_utilisateur, date_creation, lien ) VALUES ( 3, 'Healthy Eating Habits', 'How to develop healthy eating habits in your daily life.', 3, '2024-08-13 12.11.25 PM', 'http://example.com/healthy-eating-habits');
INSERT INTO plastikoo2.publication( id, titre, contenu, id_utilisateur, date_creation, lien ) VALUES ( 4, 'The Future of Technology', 'Exploring the future trends in technology.', 4, '2024-08-13 12.11.25 PM', 'http://example.com/future-of-technology');
INSERT INTO plastikoo2.publication( id, titre, contenu, id_utilisateur, date_creation, lien ) VALUES ( 5, 'Financial Independence', 'Steps to achieving financial independence.', 5, '2024-08-13 12.11.25 PM', 'http://example.com/financial-independence');
INSERT INTO plastikoo2.publication( id, titre, contenu, id_utilisateur, date_creation, lien ) VALUES ( 6, 'Outdoor Adventures', 'The best outdoor adventures to try in 2024.', 6, '2024-08-13 12.11.25 PM', 'http://example.com/outdoor-adventures');
INSERT INTO plastikoo2.publication( id, titre, contenu, id_utilisateur, date_creation, lien ) VALUES ( 7, 'The Art of Minimalism', 'Understanding and practicing minimalism in life.', 7, '2024-08-13 12.11.25 PM', 'http://example.com/art-of-minimalism');
INSERT INTO plastikoo2.publication( id, titre, contenu, id_utilisateur, date_creation, lien ) VALUES ( 8, 'Fitness Tips for Beginners', 'Essential fitness tips for those just starting out.', 8, '2024-08-13 12.11.25 PM', 'http://example.com/fitness-tips-for-beginners');
INSERT INTO plastikoo2.publication( id, titre, contenu, id_utilisateur, date_creation, lien ) VALUES ( 9, 'Home Gardening 101', 'A beginner’s guide to starting a home garden.', 9, '2024-08-13 12.11.25 PM', 'http://example.com/home-gardening-101');
INSERT INTO plastikoo2.publication( id, titre, contenu, id_utilisateur, date_creation, lien ) VALUES ( 10, 'Digital Nomad Lifestyle', 'What it takes to live a digital nomad lifestyle.', 10, '2024-08-13 12.11.25 PM', 'http://example.com/digital-nomad-lifestyle');
INSERT INTO plastikoo2.publication( id, titre, contenu, id_utilisateur, date_creation, lien ) VALUES ( 11, 'Eco-Friendly Products', 'Review of the best eco-friendly products in 2024.', 1, '2024-08-13 12.11.25 PM', 'http://example.com/eco-friendly-products');
INSERT INTO plastikoo2.publication( id, titre, contenu, id_utilisateur, date_creation, lien ) VALUES ( 12, 'Mindfulness Meditation', 'Benefits and practices of mindfulness meditation.', 2, '2024-08-13 12.11.25 PM', 'http://example.com/mindfulness-meditation');
INSERT INTO plastikoo2.publication( id, titre, contenu, id_utilisateur, date_creation, lien ) VALUES ( 13, 'Investing for Beginners', 'A beginner’s guide to investing in the stock market.', 3, '2024-08-13 12.11.25 PM', 'http://example.com/investing-for-beginners');
INSERT INTO plastikoo2.publication( id, titre, contenu, id_utilisateur, date_creation, lien ) VALUES ( 14, 'Creative Writing Tips', 'How to get started with creative writing.', 4, '2024-08-13 12.11.25 PM', 'http://example.com/creative-writing-tips');
INSERT INTO plastikoo2.publication( id, titre, contenu, id_utilisateur, date_creation, lien ) VALUES ( 15, 'DIY Home Improvement', 'Easy DIY projects to improve your home.', 5, '2024-08-13 12.11.25 PM', 'http://example.com/diy-home-improvement');
INSERT INTO plastikoo2.publication( id, titre, contenu, id_utilisateur, date_creation, lien ) VALUES ( 16, 'Social Media Marketing', 'Effective social media marketing strategies.', 6, '2024-08-13 12.11.25 PM', 'http://example.com/social-media-marketing');
INSERT INTO plastikoo2.publication( id, titre, contenu, id_utilisateur, date_creation, lien ) VALUES ( 17, 'Sustainable Fashion', 'How to make sustainable fashion choices.', 7, '2024-08-13 12.11.25 PM', 'http://example.com/sustainable-fashion');
INSERT INTO plastikoo2.publication( id, titre, contenu, id_utilisateur, date_creation, lien ) VALUES ( 18, 'Remote Work Challenges', 'Overcoming the challenges of remote work.', 8, '2024-08-13 12.11.25 PM', 'http://example.com/remote-work-challenges');
INSERT INTO plastikoo2.publication( id, titre, contenu, id_utilisateur, date_creation, lien ) VALUES ( 19, 'Personal Development Goals', 'Setting and achieving personal development goals.', 9, '2024-08-13 12.11.25 PM', 'http://example.com/personal-development-goals');
INSERT INTO plastikoo2.publication( id, titre, contenu, id_utilisateur, date_creation, lien ) VALUES ( 20, 'Climate Change Awareness', 'Raising awareness about climate change and its impacts.', 10, '2024-08-13 12.11.25 PM', 'http://example.com/climate-change-awareness');
INSERT INTO plastikoo2.commentaire_pub( id, contenu, id_utilisateur, id_publication, date_creation ) VALUES ( 1, 'Great tips on sustainable living!', 2, 1, '2024-08-13');
INSERT INTO plastikoo2.commentaire_pub( id, contenu, id_utilisateur, id_publication, date_creation ) VALUES ( 2, 'I love the ideas presented here.', 3, 1, '2024-08-13');
INSERT INTO plastikoo2.commentaire_pub( id, contenu, id_utilisateur, id_publication, date_creation ) VALUES ( 3, 'This article is very informative.', 4, 1, '2024-08-13');
INSERT INTO plastikoo2.commentaire_pub( id, contenu, id_utilisateur, id_publication, date_creation ) VALUES ( 4, 'I learned a lot from this post.', 5, 1, '2024-08-13');
INSERT INTO plastikoo2.commentaire_pub( id, contenu, id_utilisateur, id_publication, date_creation ) VALUES ( 5, 'These tips are really helpful!', 6, 1, '2024-08-13');
INSERT INTO plastikoo2.commentaire_pub( id, contenu, id_utilisateur, id_publication, date_creation ) VALUES ( 6, 'I will definitely try these out.', 7, 1, '2024-08-13');
INSERT INTO plastikoo2.commentaire_pub( id, contenu, id_utilisateur, id_publication, date_creation ) VALUES ( 7, 'Thanks for sharing this!', 8, 1, '2024-08-13');
INSERT INTO plastikoo2.commentaire_pub( id, contenu, id_utilisateur, id_publication, date_creation ) VALUES ( 8, 'This is exactly what I was looking for.', 9, 1, '2024-08-13');
INSERT INTO plastikoo2.commentaire_pub( id, contenu, id_utilisateur, id_publication, date_creation ) VALUES ( 9, 'Such a well-written post!', 10, 1, '2024-08-13');
INSERT INTO plastikoo2.commentaire_pub( id, contenu, id_utilisateur, id_publication, date_creation ) VALUES ( 10, 'Amazing travel destinations!', 1, 2, '2024-08-13');
INSERT INTO plastikoo2.commentaire_pub( id, contenu, id_utilisateur, id_publication, date_creation ) VALUES ( 11, 'I can''t wait to visit these places.', 3, 2, '2024-08-13');
INSERT INTO plastikoo2.commentaire_pub( id, contenu, id_utilisateur, id_publication, date_creation ) VALUES ( 12, 'This is a fantastic list!', 4, 2, '2024-08-13');
INSERT INTO plastikoo2.commentaire_pub( id, contenu, id_utilisateur, id_publication, date_creation ) VALUES ( 13, 'I''m adding these to my bucket list.', 5, 2, '2024-08-13');
INSERT INTO plastikoo2.commentaire_pub( id, contenu, id_utilisateur, id_publication, date_creation ) VALUES ( 14, 'Such inspiring places to visit.', 6, 2, '2024-08-13');
INSERT INTO plastikoo2.commentaire_pub( id, contenu, id_utilisateur, id_publication, date_creation ) VALUES ( 15, 'I love the selection!', 7, 2, '2024-08-13');
INSERT INTO plastikoo2.commentaire_pub( id, contenu, id_utilisateur, id_publication, date_creation ) VALUES ( 16, 'This guide is really helpful.', 8, 2, '2024-08-13');
INSERT INTO plastikoo2.commentaire_pub( id, contenu, id_utilisateur, id_publication, date_creation ) VALUES ( 17, 'I''m definitely planning a trip!', 9, 2, '2024-08-13');
INSERT INTO plastikoo2.commentaire_pub( id, contenu, id_utilisateur, id_publication, date_creation ) VALUES ( 18, 'These are great recommendations!', 10, 2, '2024-08-13');
INSERT INTO plastikoo2.commentaire_pub( id, contenu, id_utilisateur, id_publication, date_creation ) VALUES ( 19, 'Healthy eating is so important.', 1, 3, '2024-08-13');
INSERT INTO plastikoo2.commentaire_pub( id, contenu, id_utilisateur, id_publication, date_creation ) VALUES ( 20, 'I''m going to follow these tips.', 2, 3, '2024-08-13');
INSERT INTO plastikoo2.commentaire_pub( id, contenu, id_utilisateur, id_publication, date_creation ) VALUES ( 21, 'This post is very helpful.', 4, 3, '2024-08-13');
INSERT INTO plastikoo2.commentaire_pub( id, contenu, id_utilisateur, id_publication, date_creation ) VALUES ( 22, 'Great advice for staying healthy.', 5, 3, '2024-08-13');
INSERT INTO plastikoo2.commentaire_pub( id, contenu, id_utilisateur, id_publication, date_creation ) VALUES ( 23, 'I need to incorporate these habits.', 6, 3, '2024-08-13');
INSERT INTO plastikoo2.commentaire_pub( id, contenu, id_utilisateur, id_publication, date_creation ) VALUES ( 24, 'This is very motivational.', 7, 3, '2024-08-13');
INSERT INTO plastikoo2.commentaire_pub( id, contenu, id_utilisateur, id_publication, date_creation ) VALUES ( 25, 'Thanks for sharing this!', 8, 3, '2024-08-13');
INSERT INTO plastikoo2.commentaire_pub( id, contenu, id_utilisateur, id_publication, date_creation ) VALUES ( 26, 'This is exactly what I needed.', 9, 3, '2024-08-13');
INSERT INTO plastikoo2.commentaire_pub( id, contenu, id_utilisateur, id_publication, date_creation ) VALUES ( 27, 'Such practical advice!', 10, 3, '2024-08-13');
INSERT INTO plastikoo2.commentaire_pub( id, contenu, id_utilisateur, id_publication, date_creation ) VALUES ( 28, 'Technology is evolving so quickly.', 1, 4, '2024-08-13');
INSERT INTO plastikoo2.commentaire_pub( id, contenu, id_utilisateur, id_publication, date_creation ) VALUES ( 29, 'This is an interesting read.', 2, 4, '2024-08-13');
INSERT INTO plastikoo2.commentaire_pub( id, contenu, id_utilisateur, id_publication, date_creation ) VALUES ( 30, 'The future is so exciting!', 3, 4, '2024-08-13');
INSERT INTO plastikoo2.commentaire_pub( id, contenu, id_utilisateur, id_publication, date_creation ) VALUES ( 31, 'Great insights on technology.', 4, 4, '2024-08-13');
INSERT INTO plastikoo2.commentaire_pub( id, contenu, id_utilisateur, id_publication, date_creation ) VALUES ( 32, 'I''m excited for what''s to come.', 5, 4, '2024-08-13');
INSERT INTO plastikoo2.commentaire_pub( id, contenu, id_utilisateur, id_publication, date_creation ) VALUES ( 33, 'This article is very thought-provoking.', 6, 4, '2024-08-13');
INSERT INTO plastikoo2.commentaire_pub( id, contenu, id_utilisateur, id_publication, date_creation ) VALUES ( 34, 'Technology will shape our future.', 7, 4, '2024-08-13');
INSERT INTO plastikoo2.commentaire_pub( id, contenu, id_utilisateur, id_publication, date_creation ) VALUES ( 35, 'I love learning about tech trends.', 8, 4, '2024-08-13');
INSERT INTO plastikoo2.commentaire_pub( id, contenu, id_utilisateur, id_publication, date_creation ) VALUES ( 36, 'This is very informative.', 9, 4, '2024-08-13');
INSERT INTO plastikoo2.commentaire_pub( id, contenu, id_utilisateur, id_publication, date_creation ) VALUES ( 37, 'I''m curious about what''s next.', 10, 4, '2024-08-13');
INSERT INTO plastikoo2.commentaire_pub( id, contenu, id_utilisateur, id_publication, date_creation ) VALUES ( 38, 'Financial independence is key.', 1, 5, '2024-08-13');
INSERT INTO plastikoo2.commentaire_pub( id, contenu, id_utilisateur, id_publication, date_creation ) VALUES ( 39, 'I''m working towards financial freedom.', 2, 5, '2024-08-13');
INSERT INTO plastikoo2.commentaire_pub( id, contenu, id_utilisateur, id_publication, date_creation ) VALUES ( 40, 'This post is very inspiring.', 3, 5, '2024-08-13');
INSERT INTO plastikoo2.commentaire_pub( id, contenu, id_utilisateur, id_publication, date_creation ) VALUES ( 41, 'These steps are very practical.', 4, 5, '2024-08-13');
INSERT INTO plastikoo2.commentaire_pub( id, contenu, id_utilisateur, id_publication, date_creation ) VALUES ( 42, 'I need to follow these tips.', 5, 5, '2024-08-13');
INSERT INTO plastikoo2.commentaire_pub( id, contenu, id_utilisateur, id_publication, date_creation ) VALUES ( 43, 'This is a great guide.', 6, 5, '2024-08-13');
INSERT INTO plastikoo2.commentaire_pub( id, contenu, id_utilisateur, id_publication, date_creation ) VALUES ( 44, 'Financial independence is achievable.', 7, 5, '2024-08-13');
INSERT INTO plastikoo2.commentaire_pub( id, contenu, id_utilisateur, id_publication, date_creation ) VALUES ( 45, 'Thanks for the helpful advice!', 8, 5, '2024-08-13');
INSERT INTO plastikoo2.commentaire_pub( id, contenu, id_utilisateur, id_publication, date_creation ) VALUES ( 46, 'I''m going to start implementing this.', 9, 5, '2024-08-13');
INSERT INTO plastikoo2.commentaire_pub( id, contenu, id_utilisateur, id_publication, date_creation ) VALUES ( 47, 'This is exactly what I needed.', 10, 5, '2024-08-13');
INSERT INTO plastikoo2.details_commentaire_pub( id, id_commentaire, id_utilisateur, contenu, date_creation ) VALUES ( 1, 1, 1, 'I completely agree with this point!', '2024-08-13');
INSERT INTO plastikoo2.details_commentaire_pub( id, id_commentaire, id_utilisateur, contenu, date_creation ) VALUES ( 2, 1, 2, 'This is a great observation.', '2024-08-13');
INSERT INTO plastikoo2.details_commentaire_pub( id, id_commentaire, id_utilisateur, contenu, date_creation ) VALUES ( 3, 1, 3, 'Thank you for sharing your thoughts.', '2024-08-13');
INSERT INTO plastikoo2.details_commentaire_pub( id, id_commentaire, id_utilisateur, contenu, date_creation ) VALUES ( 4, 1, 4, 'I had the same reaction!', '2024-08-13');
INSERT INTO plastikoo2.details_commentaire_pub( id, id_commentaire, id_utilisateur, contenu, date_creation ) VALUES ( 5, 1, 5, 'This adds to the discussion nicely.', '2024-08-13');
INSERT INTO plastikoo2.details_commentaire_pub( id, id_commentaire, id_utilisateur, contenu, date_creation ) VALUES ( 6, 1, 6, 'I appreciate your perspective.', '2024-08-13');
INSERT INTO plastikoo2.details_commentaire_pub( id, id_commentaire, id_utilisateur, contenu, date_creation ) VALUES ( 7, 1, 7, 'Well said, this is important.', '2024-08-13');
INSERT INTO plastikoo2.details_commentaire_pub( id, id_commentaire, id_utilisateur, contenu, date_creation ) VALUES ( 8, 1, 8, 'You''re absolutely right!', '2024-08-13');
INSERT INTO plastikoo2.details_commentaire_pub( id, id_commentaire, id_utilisateur, contenu, date_creation ) VALUES ( 9, 1, 9, 'This is something to think about.', '2024-08-13');
INSERT INTO plastikoo2.details_commentaire_pub( id, id_commentaire, id_utilisateur, contenu, date_creation ) VALUES ( 10, 1, 10, 'Great response to this topic.', '2024-08-13');
INSERT INTO plastikoo2.details_commentaire_pub( id, id_commentaire, id_utilisateur, contenu, date_creation ) VALUES ( 11, 2, 1, 'This really made me think.', '2024-08-13');
INSERT INTO plastikoo2.details_commentaire_pub( id, id_commentaire, id_utilisateur, contenu, date_creation ) VALUES ( 12, 2, 2, 'I agree with what you said.', '2024-08-13');
INSERT INTO plastikoo2.details_commentaire_pub( id, id_commentaire, id_utilisateur, contenu, date_creation ) VALUES ( 13, 2, 3, 'Thanks for the insight.', '2024-08-13');
INSERT INTO plastikoo2.details_commentaire_pub( id, id_commentaire, id_utilisateur, contenu, date_creation ) VALUES ( 14, 2, 4, 'This is an interesting take.', '2024-08-13');
INSERT INTO plastikoo2.details_commentaire_pub( id, id_commentaire, id_utilisateur, contenu, date_creation ) VALUES ( 15, 2, 5, 'I appreciate your input.', '2024-08-13');
INSERT INTO plastikoo2.details_commentaire_pub( id, id_commentaire, id_utilisateur, contenu, date_creation ) VALUES ( 16, 2, 6, 'This is a thoughtful response.', '2024-08-13');
INSERT INTO plastikoo2.details_commentaire_pub( id, id_commentaire, id_utilisateur, contenu, date_creation ) VALUES ( 17, 2, 7, 'I hadn''t considered that!', '2024-08-13');
INSERT INTO plastikoo2.details_commentaire_pub( id, id_commentaire, id_utilisateur, contenu, date_creation ) VALUES ( 18, 2, 8, 'This really adds to the conversation.', '2024-08-13');
INSERT INTO plastikoo2.details_commentaire_pub( id, id_commentaire, id_utilisateur, contenu, date_creation ) VALUES ( 19, 2, 9, 'I see your point clearly now.', '2024-08-13');
INSERT INTO plastikoo2.details_commentaire_pub( id, id_commentaire, id_utilisateur, contenu, date_creation ) VALUES ( 20, 2, 10, 'This is a valuable perspective.', '2024-08-13');
INSERT INTO plastikoo2.details_commentaire_pub( id, id_commentaire, id_utilisateur, contenu, date_creation ) VALUES ( 21, 3, 1, 'You raised a good point here.', '2024-08-13');
INSERT INTO plastikoo2.details_commentaire_pub( id, id_commentaire, id_utilisateur, contenu, date_creation ) VALUES ( 22, 3, 2, 'I hadn''t thought of it this way.', '2024-08-13');
INSERT INTO plastikoo2.details_commentaire_pub( id, id_commentaire, id_utilisateur, contenu, date_creation ) VALUES ( 23, 3, 3, 'Thank you for sharing this view.', '2024-08-13');
INSERT INTO plastikoo2.details_commentaire_pub( id, id_commentaire, id_utilisateur, contenu, date_creation ) VALUES ( 24, 3, 4, 'This makes a lot of sense.', '2024-08-13');
INSERT INTO plastikoo2.details_commentaire_pub( id, id_commentaire, id_utilisateur, contenu, date_creation ) VALUES ( 25, 3, 5, 'I agree with your assessment.', '2024-08-13');
INSERT INTO plastikoo2.details_commentaire_pub( id, id_commentaire, id_utilisateur, contenu, date_creation ) VALUES ( 26, 3, 6, 'This is a well thought out response.', '2024-08-13');
INSERT INTO plastikoo2.details_commentaire_pub( id, id_commentaire, id_utilisateur, contenu, date_creation ) VALUES ( 27, 3, 7, 'This response is spot on.', '2024-08-13');
INSERT INTO plastikoo2.details_commentaire_pub( id, id_commentaire, id_utilisateur, contenu, date_creation ) VALUES ( 28, 3, 8, 'I can see where you''re coming from.', '2024-08-13');
INSERT INTO plastikoo2.details_commentaire_pub( id, id_commentaire, id_utilisateur, contenu, date_creation ) VALUES ( 29, 3, 9, 'This is a great addition to the discussion.', '2024-08-13');
INSERT INTO plastikoo2.details_commentaire_pub( id, id_commentaire, id_utilisateur, contenu, date_creation ) VALUES ( 30, 3, 10, 'I find your response helpful.', '2024-08-13');
INSERT INTO plastikoo2.details_commentaire_pub( id, id_commentaire, id_utilisateur, contenu, date_creation ) VALUES ( 31, 4, 1, 'This is exactly what I was thinking.', '2024-08-13');
INSERT INTO plastikoo2.details_commentaire_pub( id, id_commentaire, id_utilisateur, contenu, date_creation ) VALUES ( 32, 4, 2, 'You''ve made an excellent point.', '2024-08-13');
INSERT INTO plastikoo2.details_commentaire_pub( id, id_commentaire, id_utilisateur, contenu, date_creation ) VALUES ( 33, 4, 3, 'This is a nice addition.', '2024-08-13');
INSERT INTO plastikoo2.details_commentaire_pub( id, id_commentaire, id_utilisateur, contenu, date_creation ) VALUES ( 34, 4, 4, 'I appreciate this perspective.', '2024-08-13');
INSERT INTO plastikoo2.details_commentaire_pub( id, id_commentaire, id_utilisateur, contenu, date_creation ) VALUES ( 35, 4, 5, 'I hadn''t looked at it this way.', '2024-08-13');
INSERT INTO plastikoo2.details_commentaire_pub( id, id_commentaire, id_utilisateur, contenu, date_creation ) VALUES ( 36, 4, 6, 'This is a helpful comment.', '2024-08-13');
INSERT INTO plastikoo2.details_commentaire_pub( id, id_commentaire, id_utilisateur, contenu, date_creation ) VALUES ( 37, 4, 7, 'This is an insightful response.', '2024-08-13');
INSERT INTO plastikoo2.details_commentaire_pub( id, id_commentaire, id_utilisateur, contenu, date_creation ) VALUES ( 38, 4, 8, 'You''ve articulated this well.', '2024-08-13');
INSERT INTO plastikoo2.details_commentaire_pub( id, id_commentaire, id_utilisateur, contenu, date_creation ) VALUES ( 39, 4, 9, 'This adds depth to the discussion.', '2024-08-13');
INSERT INTO plastikoo2.details_commentaire_pub( id, id_commentaire, id_utilisateur, contenu, date_creation ) VALUES ( 40, 4, 10, 'This is an interesting take.', '2024-08-13');
INSERT INTO plastikoo2.details_commentaire_pub( id, id_commentaire, id_utilisateur, contenu, date_creation ) VALUES ( 41, 5, 1, 'This response is very thoughtful.', '2024-08-13');
INSERT INTO plastikoo2.details_commentaire_pub( id, id_commentaire, id_utilisateur, contenu, date_creation ) VALUES ( 42, 5, 2, 'I appreciate your thoughts on this.', '2024-08-13');
INSERT INTO plastikoo2.details_commentaire_pub( id, id_commentaire, id_utilisateur, contenu, date_creation ) VALUES ( 43, 5, 3, 'You make a great point.', '2024-08-13');
INSERT INTO plastikoo2.details_commentaire_pub( id, id_commentaire, id_utilisateur, contenu, date_creation ) VALUES ( 44, 5, 4, 'This is a valuable addition.', '2024-08-13');
INSERT INTO plastikoo2.details_commentaire_pub( id, id_commentaire, id_utilisateur, contenu, date_creation ) VALUES ( 45, 5, 5, 'I like how you''ve approached this.', '2024-08-13');
INSERT INTO plastikoo2.details_commentaire_pub( id, id_commentaire, id_utilisateur, contenu, date_creation ) VALUES ( 46, 5, 6, 'This makes perfect sense.', '2024-08-13');
INSERT INTO plastikoo2.details_commentaire_pub( id, id_commentaire, id_utilisateur, contenu, date_creation ) VALUES ( 47, 5, 7, 'I agree with what you''ve said.', '2024-08-13');
INSERT INTO plastikoo2.details_commentaire_pub( id, id_commentaire, id_utilisateur, contenu, date_creation ) VALUES ( 48, 5, 8, 'This is a strong argument.', '2024-08-13');
INSERT INTO plastikoo2.details_commentaire_pub( id, id_commentaire, id_utilisateur, contenu, date_creation ) VALUES ( 49, 5, 9, 'This adds a lot of value.', '2024-08-13');
INSERT INTO plastikoo2.details_commentaire_pub( id, id_commentaire, id_utilisateur, contenu, date_creation ) VALUES ( 50, 5, 10, 'This is a great follow-up.', '2024-08-13');